"surname	name	gender	birthdate"
"Keven	Hartmann	male	06.12.1984"
"Oran	Morar	male	16.05.1975"
"Erna	Greenholt	female	12.08.1992"
"Kareem	Keeling	male	06.09.2017"
"Alan	Ebert	male	02.06.2011"
"Lucius	Marks	male	02.07.1997"
"Nicole	Kreiger	female	21.02.2012"
"Lesch	Kyleigh	male	20.08.1962"
"Scottie	Baumbach	male	08.07.1972"
"Tiara	Bechtelar	female	10.09.1950"
"Prohaska	Burnice	female	27.06.1938"
"Murphy	Leilani	female	30.11.1998"
"Hane	Ebba	female	15.11.1991"
"Emmerich	Alexandrine	female	18.10.2015"
"Erdman	Eusebio	male	13.08.1932"
"Batz	Velma	female	07.01.1999"
"Schuster	Andre	male	03.08.1975"
"Kiehn	Lourdes	male	07.08.2016"
"Kunde	Lavon	male	04.11.2012"
"O'Kon	Arvid	male	27.11.2020"
